Average Wage Level,[3.20497, 2.2719, 2.38775, 2.50765, 2.63571, 2.76707, 2.90495, 3.04608, 3.19172, 3.33549, 3.48341, 3.61958, 3.76008, 3.88243, 3.99733, 4.10051, 4.19853, 4.28758, 4.36752, 4.43829, 4.51535, 4.57792, 4.4478, 4.32974, 4.22219, 4.11193, 4.01674, 3.95554, 3.91995, 3.906, 3.909, 3.927, 3.95564, 3.99415, 4.04047, 4.22072, 4.43683, 4.68944, 4.98312, 5.32215, 5.70269, 6.12047, 6.56756, 7.07399, 7.63472, 8.26335, 8.95667, 9.71872, 10.5679, 11.5164, 12.5912, 13.8134, 15.1194, 16.6242, 18.2586, 20.0295, 21.9309, 23.9593, 26.1326, 28.4546, 30.9266, 33.5434, 36.2753, 39.1537, 42.1735, 45.3233, 48.534, 51.8665, 55.311, 58.7762, 62.3112, 65.8918, 69.3981, 72.9983, 76.6257, 80.3974, 84.2148, 88.1624, 92.1473, 96.2704, 100.406, 104.704, 108.872, 113.12, 117.254, 121.435, 125.58, 129.299, 132.675, 135.598, 138.314, 140.631, 143.217, 145.929, 148.878, 151.99, 155.305, 158.809, 162.497, 166.387, 170.453, 174.717, 179.166, 183.791, 188.608, 193.576, 198.74, 204.01, 209.482, 214.992, 220.693, 226.334, 232.073, 237.871, 243.695, 249.534, 255.383, 261.268, 267.218, 273.277, 279.487, 285.91, 292.636, 296.703, 300.664, 304.55, 308.387, 312.373, 316.507, 320.785, 325.2, 329.743, 334.174, 338.476, 342.64, 346.65, 350.488, 354.129, 357.552, 360.738, 363.671, 366.34, 368.739, 370.865, 372.726, 374.336, 375.721, 376.912, 377.944, 378.864, 379.718, 380.561, 381.444, 382.408, 383.48, 384.681, 386.018, 387.485, 389.068, 390.747, 392.499, 394.291, 396.09, 397.862, 399.578, 401.212, 402.74, 404.141, 405.402, 406.512, 407.468, 408.268, 408.92, 409.431, 409.816, 410.092, 410.287, 410.424, 410.531, 410.631, 410.748, 410.899, 411.099, 411.36, 411.689, 412.087, 412.55, 413.073, 413.644, 414.25, 414.878, 415.511, 416.135, 416.735, 417.297, 417.81, 418.264, 418.653, 418.972, 419.222, 419.403, 419.52, 419.581, 419.596, 419.574, 419.528, 419.469, 419.409, 419.359, 419.328, 419.325, 419.354, 419.42, 419.524, 419.665, 419.842, 420.048, 420.28, 420.529, 420.788, 421.049, 421.304, 421.546, 421.769, 421.966, 422.133, 422.269, 422.37, 422.438, 422.474, 422.481, 422.463, 422.426, 422.373, 422.313, 422.249, 422.189, 422.136, 422.095, 422.07, 422.063, 422.076, 422.108, 422.16, 422.229, 422.313, 422.409, 422.513, 422.622, 422.732, 422.838, 422.938, 423.028, 423.106, 423.17, 423.218, 423.251, 423.269, 423.272, 423.262, 423.242, 423.214, 423.18, 423.143, 423.107, 423.073, 423.044, 423.021, 423.007, 423.002, 423.007, 423.021, 423.044, 423.076, 423.114, 423.157, 423.203, 423.251, 423.299, 423.344, 423.385, 423.422, 423.452, 423.476, 423.492, 423.501, 423.503, 423.498, 423.488, 423.473, 423.455, 423.435, 423.415, 423.395, 423.376, 423.36, 423.347, 423.339, 423.334, 423.334, 423.338, 423.346, 423.357, 423.37, 423.385, 423.401, 423.416, 423.43, 423.442, 423.451, 423.457, 423.459, 423.456, 423.449, 423.438, 423.422, 423.402, 423.379, 423.352, 423.324, 423.293, 423.261, 423.228, 423.194, 423.161, 423.128, 423.095, 423.063, 423.032, 423.0, 422.969, 422.936, 422.903, 422.868, 422.831, 422.79, 422.747, 422.699, 422.646, 422.589, 422.525, 422.456, 422.381, 422.299, 422.211, 422.115, 422.014, 421.905, 421.789, 421.667, 421.537, 421.4, 421.256, 421.105, 420.945, 420.778, 420.601, 420.416, 420.22, 420.013, 419.795, 419.563, 419.317, 419.058, 418.785, 418.496, 418.191, 417.867, 417.525, 417.163, 416.779, 416.373, 415.942, 415.487, 415.005, 414.494, 413.954, 413.382, 412.776, 412.134, 411.453, 410.732, 409.967, 409.154, 408.291, 407.373, 406.396, 405.355, 404.245, 403.059, 401.792, 400.436, 398.983, 397.424, 395.748, 393.944, 392.0, 389.901, 387.631, 387.258]
Social Utility,[0.0, 0.0, 0.0, 0.0, 0.0, 0.0, 0.0, 0.0, 0.0, 0.0, 0.0, 0.0, 0.0, 0.0, 0.0, 0.0, 0.0, 0.0, 0.0, 0.0, 0.0, 0.0, 0.0, 0.0, 0.0, 0.0, 0.0, 0.0, 0.0, 0.0, 0.0, 0.0, 0.0, 0.0, 0.0, 0.0, 0.0, 0.0, 0.0, 0.0, 0.0, 0.0, 0.0, 0.0, 0.0, 0.0, 0.0, 0.0, 0.0, 0.0, 0.0, 0.0, 0.0, 0.0, 0.0, 0.0, 0.0, 0.0, 0.0, 0.0, 0.0, 0.0, 0.0, 0.0, 0.0, 0.0, 0.0, 0.0, 0.0, 0.0, 0.0, 0.0, 0.0, 0.0, 0.0, 0.0, 0.0, 0.0, 0.0, 0.0, 0.0, 0.0, 0.0, 0.0, 0.0, 0.0, 0.0, 0.0, 0.0, 0.0, 0.0, 0.0, 0.0, 0.0, 0.0, 0.0, 0.0, 0.0, 0.0, 0.0, 0.0, 0.0, 0.0, 0.0, 0.0, 0.0, 0.0, 0.0, 0.0, 0.0, 0.0, 0.0, 0.0, 0.0, 0.0, 0.0, 0.0, 0.0, 0.0, 0.0, 0.0, 0.0, 0.0, 0.0, 0.0, 0.0, 0.0, 0.0, 0.0, 0.0, 0.0, 0.0, 0.0, 0.0, 0.0, 0.0, 0.0, 0.0, 0.0, 0.0, 0.0, 0.0, 0.0, 0.0, 0.0, 0.0, 0.0, 0.0, 0.0, 0.0, 0.0, 0.0, 0.0, 0.0, 0.0, 0.0, 0.0, 0.0, 0.0, 0.0, 0.0, 0.0, 0.0, 0.0, 0.0, 0.0, 0.0, 0.0, 0.0, 0.0, 0.0, 0.0, 0.0, 0.0, 0.0, 0.0, 0.0, 0.0, 0.0, 0.0, 0.0, 0.0, 0.0, 0.0, 0.0, 0.0, 0.0, 0.0, 0.0, 0.0, 0.0, 0.0, 0.0, 0.0, 0.0, 0.0, 0.0, 0.0, 0.0, 0.0, 0.0, 0.0, 0.0, 0.0, 0.0, 0.0, 0.0, 0.0, 0.0, 0.0, 0.0, 0.0, 0.0, 0.0, 0.0, 0.0, 0.0, 0.0, 0.0, 0.0, 0.0, 0.0, 0.0, 0.0, 0.0, 0.0, 0.0, 0.0, 0.0, 0.0, 0.0, 0.0, 0.0, 0.0, 0.0, 0.0, 0.0, 0.0, 0.0, 0.0, 0.0, 0.0, 0.0, 0.0, 0.0, 0.0, 0.0, 0.0, 0.0, 0.0, 0.0, 0.0, 0.0, 0.0, 0.0, 0.0, 0.0, 0.0, 0.0, 0.0, 0.0, 0.0, 0.0, 0.0, 0.0, 0.0, 0.0, 0.0, 0.0, 0.0, 0.0, 0.0, 0.0, 0.0, 0.0, 0.0, 0.0, 0.0, 0.0, 0.0, 0.0, 0.0, 0.0, 0.0, 0.0, 0.0, 0.0, 0.0, 0.0, 0.0, 0.0, 0.0, 0.0, 0.0, 0.0, 0.0, 0.0, 0.0, 0.0, 0.0, 0.0, 0.0, 0.0, 0.0, 0.0, 0.0, 0.0, 0.0, 0.0, 0.0, 0.0, 0.0, 0.0, 0.0, 0.0, 0.0, 0.0, 0.0, 0.0, 0.0, 0.0, 0.0, 0.0, 0.0, 0.0, 0.0, 0.0, 0.0, 0.0, 0.0, 0.0, 0.0, 0.0, 0.0, 0.0, 0.0, 0.0, 0.0, 0.0, 0.0, 0.0, 0.0, 0.0, 0.0, 0.0, 0.0, 0.0, 0.0, 0.0, 0.0, 0.0, 0.0, 0.0, 0.0, 0.0, 0.0, 0.0, 0.0, 0.0, 0.0, 0.0, 0.0, 0.0, 0.0, 0.0, 0.0, 0.0, 0.0, 0.0, 0.0, 0.0, 0.0, 0.0, 0.0, 0.0, 0.0, 0.0, 0.0, 0.0, 0.0, 0.0, 0.0, 0.0, 0.0, 0.0, 0.0, 0.0, 0.0, 0.0, 0.0, 0.0, 0.0, 0.0, 0.0, 0.0, 0.0, 0.0, 0.0, 0.0, 0.0]
Net Interest Rate,[0.0603499, 0.0988998, 0.0955721, 0.0924052, 0.0892147, 0.0862258, 0.0833023, 0.0805683, 0.0779676, 0.0756901, 0.0735208, 0.071891, 0.0703085, 0.0693369, 0.0686503, 0.0683234, 0.0681771, 0.0682859, 0.0686386, 0.0692262, 0.0697048, 0.0705253, 0.0756557, 0.0807972, 0.0859542, 0.091466, 0.0968358, 0.101407, 0.105315, 0.108612, 0.111407, 0.113737, 0.115737, 0.117431, 0.118887, 0.125008, 0.130512, 0.135459, 0.139803, 0.143542, 0.146935, 0.15022, 0.153698, 0.156703, 0.159517, 0.161984, 0.164337, 0.166634, 0.16869, 0.170485, 0.171813, 0.17264, 0.174006, 0.176501, 0.178417, 0.179757, 0.180635, 0.18111, 0.181066, 0.180515, 0.179479, 0.178014, 0.176282, 0.174106, 0.171521, 0.168576, 0.165517, 0.162079, 0.158294, 0.154417, 0.150264, 0.14588, 0.141516, 0.137108, 0.133112, 0.129267, 0.125741, 0.122366, 0.119278, 0.116305, 0.113613, 0.110982, 0.108769, 0.106683, 0.104926, 0.103297, 0.101867, 0.10099, 0.100539, 0.100578, 0.100859, 0.10154, 0.102023, 0.10244, 0.102703, 0.102881, 0.102948, 0.102923, 0.102817, 0.102625, 0.102371, 0.102047, 0.101671, 0.101253, 0.100788, 0.100309, 0.0997916, 0.0992948, 0.0987635, 0.0982957, 0.0978035, 0.0974262, 0.0970733, 0.0967649, 0.0965156, 0.0963283, 0.0962014, 0.0961213, 0.0960726, 0.0960358, 0.0959932, 0.0959205, 0.0957843, 0.0941471, 0.0925917, 0.0911011, 0.089663, 0.0882034, 0.0867248, 0.0852311, 0.083727, 0.0822176, 0.0807814, 0.0794199, 0.0781318, 0.0769177, 0.0757796, 0.0747205, 0.0737425, 0.0728476, 0.0720366, 0.0713085, 0.0706625, 0.0700962, 0.0696054, 0.0691843, 0.0688246, 0.0685175, 0.0682525, 0.0680177, 0.0678005, 0.0675868, 0.067364, 0.067122, 0.0668539, 0.0665555, 0.066225, 0.0658649, 0.065479, 0.0650729, 0.0646525, 0.064226, 0.0638013, 0.0633865, 0.0629878, 0.0626112, 0.0622615, 0.061943, 0.061658, 0.0614085, 0.0611947, 0.0610163, 0.0608714, 0.0607582, 0.0606732, 0.0606121, 0.0605693, 0.0605389, 0.0605154, 0.0604933, 0.0604676, 0.0604345, 0.0603905, 0.0603332, 0.0602611, 0.0601739, 0.0600726, 0.0599586, 0.0598345, 0.0597029, 0.0595671, 0.0594305, 0.0592962, 0.0591675, 0.0590472, 0.0589377, 0.0588408, 0.0587581, 0.0586902, 0.0586374, 0.058599, 0.0585741, 0.0585611, 0.058558, 0.0585626, 0.0585724, 0.0585849, 0.0585976, 0.0586082, 0.0586148, 0.0586155, 0.0586093, 0.0585953, 0.0585733, 0.0585433, 0.058506, 0.0584624, 0.0584135, 0.058361, 0.0583065, 0.0582515, 0.0581978, 0.0581469, 0.0581003, 0.0580589, 0.0580238, 0.0579955, 0.0579743, 0.0579601, 0.0579526, 0.0579511, 0.0579548, 0.0579627, 0.0579736, 0.0579863, 0.0579996, 0.0580123, 0.0580234, 0.0580319, 0.0580371, 0.0580385, 0.0580359, 0.0580291, 0.0580183, 0.0580039, 0.0579863, 0.0579662, 0.0579444, 0.0579216, 0.0578987, 0.0578765, 0.0578556, 0.0578368, 0.0578206, 0.0578073, 0.0577972, 0.0577904, 0.0577868, 0.0577861, 0.0577881, 0.0577923, 0.0577982, 0.0578053, 0.0578129, 0.0578205, 0.0578276, 0.0578336, 0.0578383, 0.0578412, 0.0578422, 0.0578413, 0.0578383, 0.0578335, 0.057827, 0.057819, 0.0578101, 0.0578004, 0.0577904, 0.0577805, 0.0577711, 0.0577624, 0.0577548, 0.0577485, 0.0577436, 0.0577403, 0.0577384, 0.057738, 0.057739, 0.0577411, 0.0577441, 0.0577479, 0.057752, 0.0577563, 0.0577605, 0.0577644, 0.0577677, 0.0577703, 0.0577721, 0.0577731, 0.0577731, 0.0577723, 0.0577706, 0.0577684, 0.0577656, 0.0577625, 0.0577592, 0.0577561, 0.0577531, 0.0577506, 0.0577487, 0.0577475, 0.0577471, 0.0577477, 0.0577491, 0.0577515, 0.0577548, 0.0577589, 0.0577638, 0.0577693, 0.0577753, 0.0577817, 0.0577884, 0.0577953, 0.0578023, 0.0578092, 0.0578161, 0.0578229, 0.0578296, 0.0578362, 0.0578427, 0.0578493, 0.057856, 0.057863, 0.0578703, 0.0578781, 0.0578865, 0.0578956, 0.0579056, 0.0579166, 0.0579286, 0.0579419, 0.0579563, 0.0579721, 0.0579892, 0.0580077, 0.0580276, 0.058049, 0.0580717, 0.058096, 0.0581217, 0.0581489, 0.0581776, 0.0582078, 0.0582397, 0.0582732, 0.0583085, 0.0583457, 0.0583849, 0.0584262, 0.0584698, 0.0585159, 0.0585651, 0.0586171, 0.058672, 0.05873, 0.0587914, 0.0588565, 0.0589254, 0.0589984, 0.0590759, 0.059158, 0.0592452, 0.0593376, 0.0594356, 0.0595397, 0.05965, 0.0597671, 0.0598914, 0.0600234, 0.0601636, 0.0603126, 0.0604711, 0.0606398, 0.0608196, 0.0610113, 0.0612159, 0.0614346, 0.0616687, 0.0619196, 0.0621888, 0.0624781, 0.0627897, 0.0631257, 0.0634888, 0.0638818, 0.0643082, 0.0647718, 0.0652771, 0.0658292, 0.0659204]
Wage Tax Revenue,[0.112942, 0.130123, 0.13227, 0.134331, 0.136129, 0.137837, 0.139305, 0.140619, 0.141706, 0.142748, 0.14351, 0.144476, 0.14513, 0.146134, 0.147177, 0.148348, 0.149519, 0.150767, 0.152099, 0.153577, 0.154749, 0.156204, 0.163139, 0.170789, 0.179253, 0.189123, 0.199983, 0.211113, 0.222609, 0.234448, 0.246664, 0.259187, 0.272062, 0.285207, 0.298556, 0.320903, 0.34536, 0.372206, 0.401508, 0.433346, 0.468341, 0.507307, 0.551459, 0.599806, 0.65346, 0.712616, 0.778633, 0.852621, 0.935023, 1.02677, 1.12798, 1.2392, 1.36745, 1.52012, 1.69204, 1.88497, 2.10148, 2.34461, 2.6155, 2.91608, 3.24813, 3.61357, 4.01645, 4.45368, 4.92497, 5.42957, 5.97154, 6.54273, 7.13799, 7.75943, 8.3951, 9.03708, 9.68683, 10.3337, 10.996, 11.6602, 12.3348, 13.0099, 13.6933, 14.3732, 15.062, 15.7422, 16.4465, 17.1523, 17.8821, 18.6194, 19.3743, 20.1983, 21.0907, 22.0749, 23.1333, 24.301, 25.4988, 26.7425, 28.0163, 29.3286, 30.672, 32.0473, 33.4513, 34.8795, 36.3335, 37.808, 39.3028, 40.8168, 42.3452, 43.8934, 45.453, 47.0389, 48.635, 50.2711, 51.9232, 53.6395, 55.3993, 57.2142, 59.0967, 61.0573, 63.1063, 65.2503, 67.4953, 69.8454, 72.3051, 74.875, 77.5495, 79.5442, 81.5126, 83.4489, 85.3484, 87.1664, 88.8935, 90.521, 92.0412, 93.4465, 94.7833, 96.0574, 97.2734, 98.4374, 99.5567, 100.64, 101.695, 102.732, 103.758, 104.781, 105.807, 106.842, 107.892, 108.957, 110.038, 111.132, 112.235, 113.341, 114.44, 115.52, 116.568, 117.572, 118.521, 119.407, 120.221, 120.961, 121.626, 122.218, 122.739, 123.196, 123.597, 123.953, 124.272, 124.563, 124.834, 125.095, 125.354, 125.618, 125.893, 126.185, 126.497, 126.83, 127.181, 127.548, 127.926, 128.31, 128.693, 129.069, 129.431, 129.774, 130.092, 130.381, 130.637, 130.858, 131.043, 131.193, 131.309, 131.395, 131.454, 131.491, 131.51, 131.519, 131.52, 131.521, 131.526, 131.538, 131.562, 131.599, 131.651, 131.719, 131.802, 131.898, 132.006, 132.123, 132.244, 132.368, 132.491, 132.608, 132.717, 132.815, 132.9, 132.971, 133.025, 133.064, 133.087, 133.095, 133.09, 133.074, 133.049, 133.018, 132.983, 132.948, 132.913, 132.882, 132.857, 132.838, 132.827, 132.824, 132.829, 132.842, 132.862, 132.888, 132.918, 132.95, 132.983, 133.016, 133.046, 133.072, 133.093, 133.108, 133.116, 133.116, 133.11, 133.096, 133.077, 133.051, 133.022, 132.989, 132.953, 132.917, 132.882, 132.848, 132.816, 132.788, 132.763, 132.742, 132.726, 132.714, 132.706, 132.701, 132.699, 132.698, 132.699, 132.7, 132.7, 132.699, 132.696, 132.691, 132.682, 132.67, 132.654, 132.635, 132.613, 132.588, 132.561, 132.531, 132.501, 132.469, 132.438, 132.406, 132.376, 132.348, 132.321, 132.296, 132.273, 132.252, 132.234, 132.217, 132.202, 132.188, 132.175, 132.162, 132.149, 132.136, 132.122, 132.107, 132.09, 132.072, 132.052, 132.03, 132.006, 131.981, 131.954, 131.926, 131.897, 131.868, 131.838, 131.807, 131.777, 131.747, 131.718, 131.689, 131.661, 131.634, 131.607, 131.581, 131.556, 131.531, 131.506, 131.481, 131.455, 131.43, 131.403, 131.376, 131.347, 131.318, 131.287, 131.254, 131.22, 131.185, 131.149, 131.111, 131.071, 131.031, 130.989, 130.947, 130.903, 130.858, 130.813, 130.766, 130.719, 130.67, 130.62, 130.57, 130.518, 130.464, 130.409, 130.351, 130.292, 130.23, 130.166, 130.099, 130.029, 129.955, 129.878, 129.797, 129.712, 129.623, 129.53, 129.433, 129.331, 129.224, 129.113, 128.997, 128.875, 128.747, 128.614, 128.474, 128.328, 128.175, 128.014, 127.846, 127.669, 127.483, 127.288, 127.082, 126.865, 126.637, 126.395, 126.14, 125.87, 125.585, 125.282, 124.961, 124.62, 124.258, 123.872, 123.461, 123.023, 122.556, 122.056, 121.521, 120.947, 120.33, 119.667, 118.953, 118.182, 116.83]
Wage Scaling Coef,[0.580486, 0.538734, 0.534545, 0.531995, 0.530177, 0.52991, 0.530377, 0.532021, 0.534302, 0.53795, 0.541743, 0.547646, 0.553206, 0.559868, 0.566615, 0.573896, 0.5806, 0.587437, 0.593816, 0.599558, 0.603601, 0.605681, 0.626515, 0.63998, 0.646729, 0.647347, 0.644353, 0.639976, 0.634996, 0.629901, 0.62511, 0.620668, 0.616755, 0.613379, 0.610697, 0.609071, 0.608509, 0.608887, 0.610422, 0.613136, 0.616675, 0.620424, 0.623796, 0.625223, 0.625025, 0.624, 0.622447, 0.620422, 0.617949, 0.614897, 0.611354, 0.607389, 0.60571, 0.605219, 0.605528, 0.606253, 0.606876, 0.607012, 0.606764, 0.606097, 0.60501, 0.603481, 0.601144, 0.598548, 0.595734, 0.592752, 0.589268, 0.585718, 0.582134, 0.578229, 0.574344, 0.570509, 0.566412, 0.562455, 0.558332, 0.554392, 0.550464, 0.546781, 0.543196, 0.539898, 0.536705, 0.533844, 0.531491, 0.529772, 0.528421, 0.527485, 0.526814, 0.52786, 0.530233, 0.533537, 0.53744, 0.541637, 0.544589, 0.546408, 0.547311, 0.547498, 0.54716, 0.546423, 0.545429, 0.544234, 0.542943, 0.541566, 0.540153, 0.538716, 0.537262, 0.535846, 0.534434, 0.53317, 0.531936, 0.531017, 0.530175, 0.52987, 0.529827, 0.530103, 0.530734, 0.531717, 0.53303, 0.534614, 0.536408, 0.538345, 0.540375, 0.542428, 0.544407, 0.546283, 0.548039, 0.549658, 0.551135, 0.552208, 0.552855, 0.55306, 0.552812, 0.552099, 0.551223, 0.550235, 0.549172, 0.548077, 0.546994, 0.545969, 0.54504, 0.544246, 0.543615, 0.543169, 0.542926, 0.542901, 0.543098, 0.543512, 0.544128, 0.544927, 0.54588, 0.546951, 0.548096, 0.54926, 0.550389, 0.551432, 0.552346, 0.553098, 0.553662, 0.554029, 0.554198, 0.554178, 0.553981, 0.553636, 0.553172, 0.552625, 0.552028, 0.551414, 0.550811, 0.550249, 0.549753, 0.549347, 0.549047, 0.548867, 0.548814, 0.548889, 0.549086, 0.549392, 0.549789, 0.550254, 0.550763, 0.551291, 0.551813, 0.552307, 0.552752, 0.553131, 0.553428, 0.553636, 0.553749, 0.55377, 0.553702, 0.553554, 0.553339, 0.553069, 0.552762, 0.552434, 0.552102, 0.551782, 0.55149, 0.551238, 0.551038, 0.550897, 0.550819, 0.550806, 0.550855, 0.550963, 0.55112, 0.551318, 0.551545, 0.55179, 0.552041, 0.552285, 0.552512, 0.552712, 0.552878, 0.553003, 0.553084, 0.553119, 0.55311, 0.553059, 0.552972, 0.552853, 0.55271, 0.552552, 0.552387, 0.552223, 0.552068, 0.55193, 0.551813, 0.551723, 0.551663, 0.551634, 0.551637, 0.551669, 0.551728, 0.55181, 0.55191, 0.552022, 0.55214, 0.552259, 0.552373, 0.552477, 0.552567, 0.552638, 0.55269, 0.552719, 0.552727, 0.552714, 0.552681, 0.552632, 0.552569, 0.552496, 0.552416, 0.552336, 0.552257, 0.552184, 0.55212, 0.552068, 0.552029, 0.552005, 0.551997, 0.552003, 0.552023, 0.552056, 0.552099, 0.552149, 0.552204, 0.552262, 0.552318, 0.552371, 0.552419, 0.552459, 0.552489, 0.55251, 0.55252, 0.552519, 0.552509, 0.552489, 0.552462, 0.552429, 0.552392, 0.552353, 0.552314, 0.552277, 0.552243, 0.552214, 0.552191, 0.552175, 0.552166, 0.552164, 0.55217, 0.552182, 0.552199, 0.552221, 0.552246, 0.552274, 0.552301, 0.552328, 0.552352, 0.552374, 0.552391, 0.552404, 0.552412, 0.552415, 0.552413, 0.552406, 0.552395, 0.55238, 0.552363, 0.552345, 0.552326, 0.552307, 0.552289, 0.552274, 0.552261, 0.552251, 0.552244, 0.552241, 0.552242, 0.552245, 0.552252, 0.552262, 0.552273, 0.552285, 0.552298, 0.552311, 0.552324, 0.552335, 0.552345, 0.552352, 0.552358, 0.55236, 0.552361, 0.552358, 0.552354, 0.552348, 0.55234, 0.552332, 0.552322, 0.552313, 0.552304, 0.552295, 0.552288, 0.552282, 0.552277, 0.552275, 0.552273, 0.552274, 0.552276, 0.552279, 0.552284, 0.552289, 0.552295, 0.5523, 0.552306, 0.552311, 0.552316, 0.552319, 0.552322, 0.552323, 0.552323, 0.552322, 0.55232, 0.552319, 0.552317, 0.552313, 0.552309, 0.552304, 0.552299, 0.552293, 0.552288, 0.552283, 0.552279, 0.552275, 0.552272, 0.55227, 0.552269, 0.552268, 0.552269, 0.552269, 0.55227, 0.552271, 0.552271, 0.552272, 0.552272, 0.552272, 0.552271, 0.552269, 0.552267, 0.552264, 0.55226, 0.552255, 0.55225, 0.552245, 0.552238, 0.552232, 0.552224, 0.552217, 0.552209, 0.552201, 0.552192, 0.551866]
Capital,[5.21222, 4.44758, 4.62514, 4.80251, 4.9791, 5.15284, 5.32255, 5.48581, 5.64105, 5.786, 5.91957, 6.0396, 6.14685, 6.23944, 6.31983, 6.38851, 6.44653, 6.49429, 6.53296, 6.56376, 6.5881, 6.60474, 6.61637, 6.6537, 6.71787, 6.81072, 6.93835, 7.10299, 7.30097, 7.52905, 7.78385, 8.06227, 8.36063, 8.67575, 9.00338, 9.33881, 9.74424, 10.2219, 10.7748, 11.4053, 12.1146, 12.9072, 13.7917, 14.783, 15.8898, 17.1273, 18.5083, 20.0523, 21.7834, 23.7258, 25.9075, 28.3551, 31.0973, 34.1866, 37.7319, 41.7869, 46.4099, 51.6701, 57.6487, 64.4256, 72.084, 80.7099, 90.3938, 101.206, 113.222, 126.505, 141.107, 157.111, 174.521, 193.313, 213.488, 234.957, 257.589, 281.267, 305.823, 331.252, 357.449, 384.392, 411.968, 440.153, 468.836, 498.014, 527.548, 557.516, 587.827, 618.573, 649.71, 681.275, 713.503, 746.608, 780.946, 816.682, 854.214, 893.423, 934.369, 976.99, 1021.3, 1067.26, 1114.79, 1163.85, 1214.39, 1266.36, 1319.7, 1374.32, 1430.17, 1487.18, 1545.35, 1604.58, 1664.95, 1726.39, 1789.07, 1852.93, 1918.31, 1985.31, 2054.12, 2124.98, 2198.2, 2274.13, 2353.15, 2435.7, 2522.21, 2613.15, 2709.02, 2810.26, 2911.21, 3011.84, 3112.12, 3211.97, 3311.04, 3408.9, 3505.13, 3599.27, 3690.84, 3779.8, 3866.13, 3949.81, 4030.87, 4109.33, 4185.24, 4258.71, 4329.83, 4398.74, 4465.59, 4530.56, 4593.83, 4655.57, 4715.98, 4775.23, 4833.45, 4890.78, 4947.3, 5003.06, 5058.04, 5112.15, 5165.25, 5217.17, 5267.69, 5316.6, 5363.69, 5408.79, 5451.77, 5492.51, 5530.97, 5567.17, 5601.18, 5633.07, 5662.95, 5690.93, 5717.24, 5742.11, 5765.76, 5788.43, 5810.33, 5831.56, 5852.2, 5872.33, 5892.03, 5911.32, 5930.22, 5948.74, 5966.82, 5984.43, 6001.5, 6017.95, 6033.71, 6048.68, 6062.81, 6076.02, 6088.28, 6099.56, 6109.86, 6119.21, 6127.65, 6135.25, 6142.11, 6148.32, 6154.0, 6159.26, 6164.22, 6168.96, 6173.59, 6178.19, 6182.81, 6187.51, 6192.3, 6197.21, 6202.21, 6207.29, 6212.42, 6217.54, 6222.62, 6227.58, 6232.37, 6236.94, 6241.22, 6245.18, 6248.77, 6251.97, 6254.77, 6257.17, 6259.18, 6260.82, 6262.13, 6263.15, 6263.92, 6264.5, 6264.93, 6265.28, 6265.58, 6265.88, 6266.22, 6266.61, 6267.1, 6267.67, 6268.34, 6269.1, 6269.93, 6270.82, 6271.75, 6272.67, 6273.58, 6274.42, 6275.19, 6275.85, 6276.38, 6276.77, 6277.01, 6277.09, 6277.01, 6276.78, 6276.42, 6275.93, 6275.34, 6274.68, 6273.95, 6273.19, 6272.43, 6271.67, 6270.94, 6270.25, 6269.62, 6269.04, 6268.52, 6268.06, 6267.66, 6267.29, 6266.96, 6266.64, 6266.32, 6265.99, 6265.64, 6265.24, 6264.79, 6264.27, 6263.68, 6263.02, 6262.29, 6261.48, 6260.6, 6259.67, 6258.68, 6257.65, 6256.59, 6255.52, 6254.45, 6253.38, 6252.32, 6251.29, 6250.29, 6249.32, 6248.39, 6247.49, 6246.62, 6245.77, 6244.95, 6244.13, 6243.31, 6242.48, 6241.64, 6240.77, 6239.87, 6238.94, 6237.95, 6236.92, 6235.84, 6234.71, 6233.52, 6232.29, 6231.01, 6229.69, 6228.33, 6226.94, 6225.52, 6224.08, 6222.62, 6221.14, 6219.64, 6218.13, 6216.61, 6215.08, 6213.53, 6211.96, 6210.37, 6208.75, 6207.1, 6205.41, 6203.67, 6201.89, 6200.05, 6198.14, 6196.17, 6194.12, 6191.99, 6189.78, 6187.48, 6185.08, 6182.59, 6180.0, 6177.31, 6174.52, 6171.61, 6168.59, 6165.45, 6162.18, 6158.79, 6155.26, 6151.59, 6147.77, 6143.78, 6139.63, 6135.29, 6130.75, 6126.01, 6121.05, 6115.84, 6110.39, 6104.67, 6098.67, 6092.36, 6085.74, 6078.77, 6071.45, 6063.78, 6055.72, 6047.27, 6038.41, 6029.1, 6019.32, 6009.06, 5998.27, 5986.94, 5975.03, 5962.5, 5949.32, 5935.45, 5920.85, 5905.46, 5889.25, 5872.15, 5854.1, 5835.05, 5814.92, 5793.63, 5771.11, 5747.26, 5721.98, 5695.17, 5666.7, 5636.46, 5604.29, 5570.04, 5533.54, 5494.6, 5453.0, 5408.52, 5360.89, 5309.82, 5254.99, 5196.04, 5132.55]
D/Y Ratio,[0.0, 0.0, 0.0, 0.0, 0.0, 0.0, 0.0, 0.0, 0.0, 0.0, 0.0, 0.0, 0.0, 0.0, 0.0, 0.0, 0.0, 0.0, 0.0, 0.0, 0.0, 0.0, 0.0, 0.0, 0.0, 0.0, 0.0, 0.0, 0.0, 0.0, 0.0, 0.0, 0.0, 0.0, 0.0, 0.0, 0.0, 0.0, 0.0, 0.0, 0.0, 0.0, 0.0, 0.0, 0.0, 0.0, 0.0, 0.0, 0.0, 0.0, 0.0, 0.0, 0.0, 0.0, 0.0, 0.0, 0.0, 0.0, 0.0, 0.0, 0.0, 0.0, 0.0, 0.0, 0.0, 0.0, 0.0, 0.0, 0.0, 0.0, 0.0, 0.0, 0.0, 0.0, 0.0, 0.0, 0.0, 0.0, 0.0, 0.0, 0.0, 0.0, 0.0, 0.0, 0.0, 0.0, 0.0, 0.0, 0.0, 0.0, 0.0, 0.0, 0.0, 0.0, 0.0, 0.0, 0.0, 0.0, 0.0, 0.0, 0.0, 0.0, 0.0, 0.0, 0.0, 0.0, 0.0, 0.0, 0.0, 0.0, 0.0, 0.0, 0.0, 0.0, 0.0, 0.0, 0.0, 0.0, 0.0, 0.0, 0.0, 0.0, 0.0, 0.0, 0.0, 0.0, 0.0, 0.0, 0.0, 0.0, 0.0, 0.0, 0.0, 0.0, 0.0, 0.0, 0.0, 0.0, 0.0, 0.0, 0.0, 0.0, 0.0, 0.0, 0.0, 0.0, 0.0, 0.0, 0.0, 0.0, 0.0, 0.0, 0.0, 0.0, 0.0, 0.0, 0.0, 0.0, 0.0, 0.0, 0.0, 0.0, 0.0, 0.0, 0.0, 0.0, 0.0, 0.0, 0.0, 0.0, 0.0, 0.0, 0.0, 0.0, 0.0, 0.0, 0.0, 0.0, 0.0, 0.0, 0.0, 0.0, 0.0, 0.0, 0.0, 0.0, 0.0, 0.0, 0.0, 0.0, 0.0, 0.0, 0.0, 0.0, 0.0, 0.0, 0.0, 0.0, 0.0, 0.0, 0.0, 0.0, 0.0, 0.0, 0.0, 0.0, 0.0, 0.0, 0.0, 0.0, 0.0, 0.0, 0.0, 0.0, 0.0, 0.0, 0.0, 0.0, 0.0, 0.0, 0.0, 0.0, 0.0, 0.0, 0.0, 0.0, 0.0, 0.0, 0.0, 0.0, 0.0, 0.0, 0.0, 0.0, 0.0, 0.0, 0.0, 0.0, 0.0, 0.0, 0.0, 0.0, 0.0, 0.0, 0.0, 0.0, 0.0, 0.0, 0.0, 0.0, 0.0, 0.0, 0.0, 0.0, 0.0, 0.0, 0.0, 0.0, 0.0, 0.0, 0.0, 0.0, 0.0, 0.0, 0.0, 0.0, 0.0, 0.0, 0.0, 0.0, 0.0, 0.0, 0.0, 0.0, 0.0, 0.0, 0.0, 0.0, 0.0, 0.0, 0.0, 0.0, 0.0, 0.0, 0.0, 0.0, 0.0, 0.0, 0.0, 0.0, 0.0, 0.0, 0.0, 0.0, 0.0, 0.0, 0.0, 0.0, 0.0, 0.0, 0.0, 0.0, 0.0, 0.0, 0.0, 0.0, 0.0, 0.0, 0.0, 0.0, 0.0, 0.0, 0.0, 0.0, 0.0, 0.0, 0.0, 0.0, 0.0, 0.0, 0.0, 0.0, 0.0, 0.0, 0.0, 0.0, 0.0, 0.0, 0.0, 0.0, 0.0, 0.0, 0.0, 0.0, 0.0, 0.0, 0.0, 0.0, 0.0, 0.0, 0.0, 0.0, 0.0, 0.0, 0.0, 0.0, 0.0, 0.0, 0.0, 0.0, 0.0, 0.0, 0.0, 0.0, 0.0, 0.0, 0.0, 0.0, 0.0, 0.0, 0.0, 0.0, 0.0, 0.0, 0.0, 0.0, 0.0, 0.0, 0.0, 0.0, 0.0, 0.0, 0.0, 0.0, 0.0, 0.0, 0.0, 0.0, 0.0, 0.0, 0.0, 0.0, 0.0, 0.0, 0.0, 0.0, 0.0, 0.0, 0.0, 0.0, 0.0, 0.0, 0.0, 0.0, 0.0, 0.0, 0.0, 0.0, 0.0, 0.0]
Gap of Pool Medical Account,[0.0147222, 0.00965663, 0.010004, 0.0103204, 0.0106116, 0.0109049, 0.0110411, 0.0112406, 0.0114271, 0.0116527, 0.0119335, 0.012249, 0.012621, 0.0130469, 0.0135643, 0.0141697, 0.0150257, 0.0158691, 0.0167604, 0.0176654, 0.0186121, 0.0195786, 0.0204063, 0.0212865, 0.022203, 0.0230463, 0.0239599, 0.0252228, 0.0266186, 0.0281361, 0.0297885, 0.0316461, 0.0336433, 0.0358602, 0.0383399, 0.0401104, 0.0422594, 0.0441041, 0.0463278, 0.0489808, 0.0521202, 0.0557813, 0.0599459, 0.0646285, 0.06982, 0.0756101, 0.0819832, 0.0890665, 0.0968027, 0.105172, 0.114188, 0.123826, 0.134609, 0.145521, 0.157587, 0.170775, 0.185026, 0.201013, 0.219107, 0.239457, 0.262282, 0.287578, 0.317217, 0.350228, 0.386991, 0.42792, 0.472746, 0.522445, 0.576311, 0.633604, 0.695361, 0.7618, 0.832634, 0.907676, 0.983944, 1.06259, 1.14199, 1.22382, 1.30578, 1.38911, 1.47202, 1.55684, 1.64219, 1.73036, 1.81883, 1.91007, 2.00307, 2.10365, 2.21213, 2.3275, 2.45405, 2.58932, 2.7419, 2.90756, 3.08873, 3.28437, 3.49567, 3.7196, 3.95297, 4.19585, 4.44754, 4.70796, 4.96897, 5.22732, 5.48205, 5.73095, 5.97352, 6.21691, 6.4636, 6.71005, 6.96008, 7.20879, 7.46084, 7.71622, 7.97498, 8.23723, 8.50323, 8.77339, 9.04752, 9.32519, 9.60546, 9.88694, 10.1706, 10.5496, 10.9307, 11.3117, 11.6898, 12.0659, 12.4377, 12.8031, 13.1605, 13.509, 13.8458, 14.1717, 14.4876, 14.795, 15.096, 15.386, 15.6666, 15.9395, 16.2066, 16.4698, 16.7308, 16.9913, 17.2527, 17.5163, 17.7832, 18.0537, 18.3279, 18.6053, 18.8852, 19.1665, 19.4481, 19.729, 20.0076, 20.2823, 20.5515, 20.8136, 21.067, 21.3101, 21.542, 21.7621, 21.9685, 22.162, 22.344, 22.5164, 22.681, 22.833, 22.9751, 23.1096, 23.2383, 23.3631, 23.4923, 23.6264, 23.7654, 23.9093, 24.0576, 24.21, 24.3656, 24.5235, 24.6826, 24.8416, 24.9992, 25.1543, 25.3054, 25.4514, 25.5911, 25.7237, 25.8484, 25.9647, 26.0726, 26.1717, 26.2624, 26.3452, 26.421, 26.491, 26.5563, 26.6186, 26.6793, 26.7398, 26.8014, 26.8651, 26.9319, 27.0025, 27.077, 27.1556, 27.238, 27.3239, 27.4126, 27.5036, 27.596, 27.6889, 27.7817, 27.8733, 27.9631, 28.0503, 28.1343, 28.2147, 28.2912, 28.3636, 28.4322, 28.497, 28.5586, 28.6174, 28.6739, 28.7287, 28.7827, 28.8364, 28.8904, 28.9454, 29.0017, 29.0598, 29.1199, 29.182, 29.2462, 29.3124, 29.3803, 29.4496, 29.5199, 29.5909, 29.6619, 29.7327, 29.8028, 29.8718, 29.9393, 30.0052, 30.0691, 30.1312, 30.1912, 30.2495, 30.306, 30.361, 30.4148, 30.4678, 30.5202, 30.5724, 30.6248, 30.6775, 30.731, 30.7854, 30.8408, 30.8974, 30.9551, 31.014, 31.074, 31.1348, 31.1964, 31.2585, 31.3209, 31.3833, 31.4456, 31.5075, 31.5688, 31.6293, 31.689, 31.7478, 31.8057, 31.8626, 31.9187, 31.9739, 32.0285, 32.0826, 32.1364, 32.1899, 32.2435, 32.2972, 32.3512, 32.4056, 32.4605, 32.5159, 32.572, 32.6286, 32.6859, 32.7436, 32.8018, 32.8603, 32.919, 32.9779, 33.0368, 33.0955, 33.1541, 33.2123, 33.2702, 33.3277, 33.3848, 33.4414, 33.4976, 33.5534, 33.609, 33.6642, 33.7194, 33.7744, 33.8294, 33.8846, 33.9399, 33.9955, 34.0513, 34.1075, 34.1641, 34.2211, 34.2785, 34.3362, 34.3943, 34.4526, 34.5112, 34.57, 34.629, 34.688, 34.7471, 34.8062, 34.8652, 34.9242, 34.9831, 35.042, 35.1008, 35.1595, 35.2183, 35.2771, 35.336, 35.3951, 35.4544, 35.5139, 35.5737, 35.634, 35.6946, 35.7557, 35.8173, 35.8794, 35.9421, 36.0053, 36.069, 36.1334, 36.1982, 36.2637, 36.3297, 36.3962, 36.4633, 36.5309, 36.5991, 36.6678, 36.7371, 36.8057, 36.875, 36.9449, 37.0155, 37.0869, 37.1586, 37.2312, 37.3048, 37.3794, 37.4553, 37.5326, 37.6113, 37.6916, 37.7736, 37.8576, 37.9446, 38.0338, 38.1256, 38.22, 38.3175, 38.4182, 38.5224, 38.6306, 38.7431, 38.8604, 38.9829, 39.1112, 39.246, 39.388, 39.538, 39.6969, 39.8657, 40.0457, 40.2382, 40.4445, 40.6663, 40.9057, 41.1647, 41.8665]
Labour,[0.146832, 0.238495, 0.230709, 0.22314, 0.215173, 0.207556, 0.199834, 0.192392, 0.185048, 0.17839, 0.171742, 0.166407, 0.160917, 0.156916, 0.153481, 0.150828, 0.148461, 0.146589, 0.145195, 0.144264, 0.142899, 0.142271, 0.152935, 0.164456, 0.176985, 0.191712, 0.207522, 0.222449, 0.23668, 0.250147, 0.262967, 0.275038, 0.286611, 0.297555, 0.307907, 0.316819, 0.324363, 0.330756, 0.335785, 0.339348, 0.342296, 0.345466, 0.349986, 0.353423, 0.356775, 0.359488, 0.362382, 0.365706, 0.368822, 0.371648, 0.373417, 0.373925, 0.376962, 0.381096, 0.386206, 0.392184, 0.399326, 0.407787, 0.417055, 0.427026, 0.437623, 0.44888, 0.461346, 0.473956, 0.486582, 0.499158, 0.512665, 0.525614, 0.537727, 0.55008, 0.561383, 0.571476, 0.581615, 0.589858, 0.597946, 0.604318, 0.610308, 0.614884, 0.6192, 0.622107, 0.625072, 0.626476, 0.629453, 0.631813, 0.635474, 0.638896, 0.642852, 0.650918, 0.662378, 0.678343, 0.696912, 0.720025, 0.741875, 0.763597, 0.784123, 0.804043, 0.822923, 0.840849, 0.857768, 0.873481, 0.888186, 0.901674, 0.914049, 0.925372, 0.935504, 0.944816, 0.952968, 0.960739, 0.967391, 0.974309, 0.980328, 0.987494, 0.994667, 1.00221, 1.01045, 1.01954, 1.02962, 1.04062, 1.05245, 1.06495, 1.07796, 1.0912, 1.10419, 1.11707, 1.12963, 1.1417, 1.15316, 1.1627, 1.17025, 1.17578, 1.17929, 1.1808, 1.18181, 1.18247, 1.18289, 1.1832, 1.18355, 1.18412, 1.18509, 1.18659, 1.18878, 1.19175, 1.19559, 1.20037, 1.20611, 1.21278, 1.22029, 1.22853, 1.23734, 1.2465, 1.25575, 1.2648, 1.27331, 1.28105, 1.28778, 1.29335, 1.29766, 1.30071, 1.30254, 1.30325, 1.30296, 1.30187, 1.30018, 1.29812, 1.29586, 1.29361, 1.29151, 1.28972, 1.28837, 1.28755, 1.28735, 1.28781, 1.28894, 1.29071, 1.29307, 1.29593, 1.29916, 1.30262, 1.30616, 1.30966, 1.31296, 1.31596, 1.31855, 1.32064, 1.32217, 1.32313, 1.32351, 1.32334, 1.32269, 1.32161, 1.3202, 1.31856, 1.31678, 1.31497, 1.31322, 1.31161, 1.31023, 1.30914, 1.30838, 1.30797, 1.30792, 1.30823, 1.30886, 1.30977, 1.31091, 1.31221, 1.31361, 1.31503, 1.3164, 1.31766, 1.31876, 1.31964, 1.32028, 1.32065, 1.32075, 1.32057, 1.32015, 1.31951, 1.31868, 1.31771, 1.31665, 1.31554, 1.31444, 1.31339, 1.31244, 1.31161, 1.31094, 1.31044, 1.31012, 1.30998, 1.31001, 1.3102, 1.31051, 1.31092, 1.31141, 1.31192, 1.31244, 1.31293, 1.31335, 1.31368, 1.31391, 1.31402, 1.31399, 1.31384, 1.31356, 1.31317, 1.31268, 1.3121, 1.31147, 1.3108, 1.31013, 1.30946, 1.30884, 1.30826, 1.30775, 1.30732, 1.30698, 1.30672, 1.30655, 1.30646, 1.30644, 1.30648, 1.30656, 1.30667, 1.30679, 1.30691, 1.307, 1.30706, 1.30707, 1.30703, 1.30693, 1.30677, 1.30654, 1.30626, 1.30592, 1.30555, 1.30513, 1.30469, 1.30425, 1.3038, 1.30336, 1.30294, 1.30255, 1.3022, 1.30188, 1.30161, 1.30138, 1.30119, 1.30104, 1.30092, 1.30083, 1.30075, 1.30068, 1.30062, 1.30055, 1.30047, 1.30037, 1.30025, 1.3001, 1.29992, 1.29971, 1.29947, 1.2992, 1.29891, 1.2986, 1.29828, 1.29795, 1.29761, 1.29728, 1.29696, 1.29664, 1.29634, 1.29606, 1.2958, 1.29556, 1.29534, 1.29514, 1.29495, 1.29478, 1.29462, 1.29447, 1.29432, 1.29418, 1.29402, 1.29386, 1.2937, 1.29352, 1.29332, 1.29311, 1.29289, 1.29265, 1.29241, 1.29215, 1.29188, 1.29161, 1.29133, 1.29105, 1.29078, 1.29051, 1.29024, 1.28999, 1.28974, 1.2895, 1.28927, 1.28905, 1.28884, 1.28864, 1.28844, 1.28825, 1.28806, 1.28787, 1.28767, 1.28748, 1.28728, 1.28707, 1.28685, 1.28663, 1.2864, 1.28615, 1.2859, 1.28565, 1.28539, 1.28513, 1.28487, 1.2846, 1.28433, 1.28405, 1.28377, 1.28349, 1.28322, 1.28294, 1.28265, 1.28237, 1.28209, 1.2818, 1.28151, 1.28122, 1.28092, 1.28061, 1.28029, 1.27997, 1.27963, 1.27927, 1.27891, 1.27852, 1.27812, 1.2777, 1.27725, 1.27679, 1.27629, 1.27578, 1.27523, 1.27466, 1.27405, 1.2734, 1.27271, 1.27198, 1.27119, 1.27035, 1.25702]
Consumption Tax Revenue,[0.0645064, 0.0586948, 0.0600408, 0.0613554, 0.0626139, 0.0638507, 0.0650436, 0.0662026, 0.067344, 0.0685229, 0.0696883, 0.0709623, 0.0722012, 0.0735538, 0.0749657, 0.0764759, 0.0780498, 0.0796732, 0.0813567, 0.0831002, 0.0848125, 0.086558, 0.0896625, 0.0930823, 0.096817, 0.100887, 0.105314, 0.110083, 0.115223, 0.120743, 0.126662, 0.133002, 0.139774, 0.147035, 0.154825, 0.163614, 0.173514, 0.184606, 0.197074, 0.21107, 0.226784, 0.244435, 0.264331, 0.286191, 0.310238, 0.33671, 0.365965, 0.398339, 0.434014, 0.473206, 0.516002, 0.56251, 0.615724, 0.675774, 0.743357, 0.819179, 0.903911, 0.998424, 1.10349, 1.21988, 1.34835, 1.48956, 1.64805, 1.82085, 2.0083, 2.21064, 2.42801, 2.66097, 2.90813, 3.16894, 3.4425, 3.72736, 4.02368, 4.32861, 4.64165, 4.96176, 5.28839, 5.62217, 5.96149, 6.30558, 6.65421, 7.00677, 7.36889, 7.73849, 8.1162, 8.50187, 8.89568, 9.31866, 9.77132, 10.2572, 10.7793, 11.3416, 11.9309, 12.5426, 13.1762, 13.8312, 14.507, 15.2075, 15.9268, 16.6639, 17.418, 18.1877, 18.9748, 19.7747, 20.5862, 21.4082, 22.2399, 23.0812, 23.9317, 24.7924, 25.6639, 26.5491, 27.4503, 28.3699, 29.3099, 30.2721, 31.2581, 32.2682, 33.3021, 34.3588, 35.4369, 36.5335, 37.6453, 38.7447, 39.8287, 40.8941, 41.9378, 42.9562, 43.9461, 44.9052, 45.8316, 46.7239, 47.5792, 48.4001, 49.1889, 49.9487, 50.6832, 51.396, 52.0908, 52.7716, 53.442, 54.1056, 54.7656, 55.4246, 56.0846, 56.7471, 57.4125, 58.0801, 58.7483, 59.4147, 60.0759, 60.7284, 61.3683, 61.992, 62.5955, 63.1751, 63.7272, 64.2488, 64.7376, 65.192, 65.6117, 65.9974, 66.3483, 66.6683, 66.9623, 67.2352, 67.4923, 67.7277, 67.9473, 68.1561, 68.3584, 68.5573, 68.7666, 68.9866, 69.2168, 69.4557, 69.7017, 69.9525, 70.2057, 70.4584, 70.7075, 70.95, 71.1829, 71.4036, 71.6096, 71.7989, 71.97, 72.1219, 72.2543, 72.3674, 72.4618, 72.5387, 72.5995, 72.6464, 72.6819, 72.7089, 72.7303, 72.7491, 72.7681, 72.7898, 72.8161, 72.8487, 72.8888, 72.9366, 72.9921, 73.0546, 73.123, 73.1959, 73.2718, 73.349, 73.4257, 73.5002, 73.5709, 73.6364, 73.6955, 73.7472, 73.7908, 73.826, 73.8529, 73.8718, 73.8834, 73.8887, 73.8888, 73.8849, 73.8784, 73.8706, 73.8627, 73.8561, 73.8516, 73.8502, 73.8523, 73.8584, 73.8685, 73.8824, 73.8998, 73.9202, 73.9428, 73.9668, 73.9915, 74.0158, 74.0391, 74.0604, 74.0791, 74.0946, 74.1067, 74.1149, 74.1193, 74.1199, 74.1171, 74.1111, 74.1025, 74.0919, 74.0798, 74.0671, 74.0542, 74.0418, 74.0305, 74.0206, 74.0126, 74.0066, 74.0028, 74.0011, 74.0014, 74.0036, 74.0073, 74.0121, 74.0176, 74.0235, 74.0292, 74.0343, 74.0385, 74.0414, 74.0429, 74.0427, 74.0407, 74.037, 74.0316, 74.0247, 74.0164, 74.007, 73.9968, 73.9861, 73.9753, 73.9646, 73.9542, 73.9445, 73.9357, 73.9278, 73.9209, 73.9152, 73.9105, 73.9068, 73.9039, 73.9018, 73.9001, 73.8988, 73.8975, 73.8962, 73.8945, 73.8923, 73.8895, 73.8861, 73.8818, 73.8767, 73.8708, 73.8641, 73.8568, 73.8489, 73.8406, 73.832, 73.8233, 73.8146, 73.8061, 73.7979, 73.79, 73.7827, 73.7758, 73.7696, 73.764, 73.7589, 73.7543, 73.7502, 73.7465, 73.743, 73.7397, 73.7365, 73.7333, 73.73, 73.7265, 73.7228, 73.7188, 73.7145, 73.7099, 73.705, 73.6999, 73.6945, 73.689, 73.6835, 73.678, 73.6725, 73.6672, 73.6621, 73.6573, 73.6529, 73.6489, 73.6452, 73.642, 73.6393, 73.637, 73.635, 73.6335, 73.6323, 73.6314, 73.6308, 73.6304, 73.6301, 73.63, 73.63, 73.6301, 73.6303, 73.6305, 73.6293, 73.6282, 73.6272, 73.6264, 73.6258, 73.6255, 73.6255, 73.6259, 73.6268, 73.6283, 73.6304, 73.6332, 73.6368, 73.6413, 73.6468, 73.6535, 73.6613, 73.6705, 73.6812, 73.6935, 73.7077, 73.7239, 73.7424, 73.7634, 73.7874, 73.8146, 73.8455, 73.8805, 73.9203, 73.9654, 74.0167, 74.0749, 74.1409, 74.2159, 74.3009, 74.3974, 74.5069, 74.631, 75.1328]
GDP/Output,[1.04576, 1.20483, 1.22467, 1.24372, 1.26034, 1.27614, 1.28973, 1.3019, 1.31198, 1.32166, 1.32876, 1.33774, 1.34378, 1.35314, 1.3628, 1.37369, 1.38453, 1.39609, 1.40848, 1.42217, 1.43305, 1.44652, 1.51078, 1.5816, 1.65995, 1.7513, 1.85187, 1.9549, 2.06133, 2.17093, 2.28403, 2.39997, 2.5192, 2.64091, 2.7645, 2.97143, 3.1979, 3.4465, 3.71787, 4.01275, 4.33685, 4.69767, 5.10659, 5.55432, 6.05122, 6.59907, 7.21035, 7.89549, 8.65851, 9.50803, 10.4451, 11.4748, 12.6622, 14.0757, 15.6674, 17.4536, 19.4584, 21.7094, 24.2176, 27.0005, 30.075, 33.4587, 37.1891, 41.2376, 45.6014, 50.2737, 55.292, 60.581, 66.0929, 71.8471, 77.7331, 83.6775, 89.6938, 95.6838, 101.816, 107.966, 114.213, 120.463, 126.792, 133.087, 139.464, 145.762, 152.284, 158.819, 165.577, 172.404, 179.393, 187.023, 195.285, 204.399, 214.199, 225.011, 236.102, 247.618, 259.412, 271.562, 284.001, 296.735, 309.735, 322.96, 336.422, 350.075, 363.915, 377.934, 392.085, 406.42, 420.861, 435.545, 450.323, 465.473, 480.769, 496.661, 512.955, 529.76, 547.191, 565.344, 584.317, 604.169, 624.956, 646.717, 669.491, 693.287, 718.051, 736.519, 754.745, 772.674, 790.262, 807.095, 823.087, 838.156, 852.232, 865.245, 877.622, 889.419, 900.679, 911.456, 921.82, 931.85, 941.623, 951.222, 960.723, 970.191, 979.692, 989.28, 998.996, 1008.86, 1018.87, 1029.0, 1039.22, 1049.45, 1059.63, 1069.63, 1079.33, 1088.63, 1097.42, 1105.62, 1113.16, 1120.01, 1126.17, 1131.65, 1136.47, 1140.7, 1144.42, 1147.71, 1150.66, 1153.36, 1155.88, 1158.29, 1160.68, 1163.13, 1165.68, 1168.38, 1171.27, 1174.35, 1177.6, 1181.0, 1184.5, 1188.05, 1191.6, 1195.08, 1198.44, 1201.61, 1204.56, 1207.23, 1209.6, 1211.65, 1213.36, 1214.75, 1215.82, 1216.62, 1217.16, 1217.5, 1217.69, 1217.76, 1217.78, 1217.79, 1217.83, 1217.95, 1218.16, 1218.51, 1218.99, 1219.62, 1220.39, 1221.28, 1222.28, 1223.36, 1224.49, 1225.63, 1226.76, 1227.85, 1228.86, 1229.77, 1230.56, 1231.21, 1231.72, 1232.07, 1232.29, 1232.36, 1232.32, 1232.17, 1231.94, 1231.65, 1231.33, 1231.0, 1230.68, 1230.39, 1230.15, 1229.98, 1229.88, 1229.85, 1229.9, 1230.02, 1230.21, 1230.44, 1230.72, 1231.02, 1231.33, 1231.63, 1231.91, 1232.15, 1232.34, 1232.48, 1232.55, 1232.56, 1232.5, 1232.37, 1232.19, 1231.96, 1231.68, 1231.38, 1231.05, 1230.72, 1230.39, 1230.07, 1229.78, 1229.51, 1229.29, 1229.1, 1228.95, 1228.83, 1228.76, 1228.71, 1228.69, 1228.69, 1228.69, 1228.7, 1228.71, 1228.7, 1228.67, 1228.62, 1228.54, 1228.42, 1228.28, 1228.1, 1227.9, 1227.67, 1227.41, 1227.14, 1226.86, 1226.57, 1226.27, 1225.99, 1225.71, 1225.44, 1225.19, 1224.96, 1224.75, 1224.56, 1224.39, 1224.23, 1224.09, 1223.96, 1223.84, 1223.72, 1223.61, 1223.48, 1223.35, 1223.21, 1223.06, 1222.89, 1222.7, 1222.5, 1222.28, 1222.05, 1221.8, 1221.54, 1221.27, 1221.0, 1220.72, 1220.44, 1220.16, 1219.88, 1219.61, 1219.34, 1219.08, 1218.83, 1218.59, 1218.35, 1218.11, 1217.88, 1217.65, 1217.41, 1217.18, 1216.94, 1216.7, 1216.44, 1216.18, 1215.9, 1215.62, 1215.32, 1215.0, 1214.68, 1214.34, 1213.99, 1213.62, 1213.25, 1212.86, 1212.47, 1212.06, 1211.65, 1211.23, 1210.8, 1210.36, 1209.91, 1209.45, 1208.98, 1208.5, 1208.0, 1207.49, 1206.96, 1206.41, 1205.84, 1205.24, 1204.62, 1203.97, 1203.29, 1202.57, 1201.82, 1201.04, 1200.22, 1199.35, 1198.45, 1197.51, 1196.52, 1195.49, 1194.41, 1193.28, 1192.1, 1190.87, 1189.58, 1188.22, 1186.81, 1185.32, 1183.76, 1182.12, 1180.4, 1178.59, 1176.69, 1174.68, 1172.56, 1170.33, 1167.96, 1165.47, 1162.82, 1160.02, 1157.05, 1153.89, 1150.53, 1146.96, 1143.16, 1139.11, 1134.78, 1130.15, 1125.19, 1119.88, 1114.17, 1108.03, 1101.42, 1094.28, 1081.76]
Gov Purchase,[0.140084, 0.179162, 0.182307, 0.185366, 0.188132, 0.190783, 0.193308, 0.195581, 0.197622, 0.199618, 0.201265, 0.203189, 0.204711, 0.206641, 0.208578, 0.210655, 0.212543, 0.214571, 0.216696, 0.219012, 0.220949, 0.223184, 0.232396, 0.242585, 0.253867, 0.266964, 0.281337, 0.295973, 0.311214, 0.327054, 0.343537, 0.360542, 0.378192, 0.396382, 0.415041, 0.444407, 0.476615, 0.512707, 0.552254, 0.595435, 0.643005, 0.69596, 0.755844, 0.821369, 0.893878, 0.973716, 1.06261, 1.16189, 1.27223, 1.39481, 1.52979, 1.67788, 1.84856, 2.05037, 2.27781, 2.53337, 2.82036, 3.14202, 3.49989, 3.8965, 4.3342, 4.81554, 5.34729, 5.9243, 6.54628, 7.21229, 7.9268, 8.68125, 9.46981, 10.2948, 11.1422, 12.0026, 12.8779, 13.7547, 14.6537, 15.5593, 16.4812, 17.4082, 18.349, 19.2897, 20.2442, 21.1921, 22.1731, 23.1604, 24.1795, 25.2112, 26.2669, 27.4133, 28.6499, 30.0046, 31.4585, 33.0533, 34.6878, 36.3776, 38.1038, 39.8755, 41.6834, 43.5351, 45.4251, 47.3476, 49.304, 51.2878, 53.3086, 55.3642, 57.4493, 59.5707, 61.7194, 63.9032, 66.1031, 68.3535, 70.627, 72.9798, 75.3888, 77.8678, 80.4316, 83.0922, 85.8612, 88.7451, 91.7499, 94.8791, 98.1366, 101.522, 105.024, 107.739, 110.411, 113.031, 115.596, 118.057, 120.402, 122.623, 124.712, 126.661, 128.517, 130.286, 131.975, 133.591, 135.144, 136.65, 138.12, 139.564, 140.994, 142.417, 143.842, 145.276, 146.723, 148.188, 149.667, 151.158, 152.656, 154.15, 155.631, 157.082, 158.488, 159.835, 161.109, 162.3, 163.397, 164.397, 165.297, 166.1, 166.808, 167.431, 167.977, 168.459, 168.89, 169.281, 169.646, 169.99, 170.326, 170.664, 171.013, 171.379, 171.772, 172.19, 172.632, 173.094, 173.57, 174.052, 174.533, 175.004, 175.456, 175.883, 176.276, 176.631, 176.941, 177.206, 177.422, 177.591, 177.715, 177.797, 177.843, 177.858, 177.847, 177.82, 177.781, 177.739, 177.7, 177.669, 177.65, 177.649, 177.666, 177.703, 177.759, 177.832, 177.921, 178.021, 178.129, 178.24, 178.35, 178.453, 178.547, 178.626, 178.69, 178.734, 178.758, 178.761, 178.743, 178.706, 178.652, 178.582, 178.501, 178.41, 178.314, 178.215, 178.118, 178.024, 177.937, 177.858, 177.788, 177.729, 177.68, 177.641, 177.611, 177.588, 177.571, 177.558, 177.546, 177.533, 177.517, 177.497, 177.47, 177.435, 177.392, 177.339, 177.277, 177.206, 177.127, 177.04, 176.947, 176.85, 176.75, 176.648, 176.547, 176.447, 176.35, 176.257, 176.169, 176.086, 176.008, 175.935, 175.868, 175.805, 175.745, 175.688, 175.632, 175.577, 175.522, 175.464, 175.405, 175.342, 175.275, 175.204, 175.128, 175.049, 174.965, 174.877, 174.787, 174.693, 174.598, 174.502, 174.406, 174.31, 174.215, 174.122, 174.031, 173.943, 173.858, 173.775, 173.694, 173.616, 173.541, 173.466, 173.393, 173.32, 173.248, 173.175, 173.101, 173.025, 172.948, 172.869, 172.787, 172.704, 172.618, 172.53, 172.44, 172.349, 172.257, 172.163, 172.069, 171.975, 171.881, 171.788, 171.695, 171.602, 171.511, 171.421, 171.332, 171.243, 171.156, 171.068, 170.982, 170.895, 170.808, 170.72, 170.632, 170.542, 170.452, 170.36, 170.266, 170.171, 170.074, 169.976, 169.875, 169.774, 169.67, 169.566, 169.46, 169.353, 169.245, 169.136, 169.025, 168.914, 168.802, 168.689, 168.575, 168.459, 168.342, 168.224, 168.104, 167.981, 167.857, 167.729, 167.599, 167.466, 167.329, 167.189, 167.045, 166.896, 166.743, 166.586, 166.423, 166.256, 166.084, 165.907, 165.724, 165.535, 165.342, 165.142, 164.935, 164.722, 164.501, 164.273, 164.036, 163.791, 163.537, 163.273, 162.997, 162.71, 162.41, 162.098, 161.771, 161.43, 161.072, 160.697, 160.302, 159.888, 159.452, 158.992, 158.507, 157.994, 157.451, 156.876, 156.265, 155.616, 154.924, 154.187, 153.399, 152.554, 151.648, 73.8045]
Investment,[0.260611, 0.438722, 0.441958, 0.444798, 0.446069, 0.446848, 0.445985, 0.444296, 0.440919, 0.436813, 0.430607, 0.424929, 0.41706, 0.410964, 0.404566, 0.398278, 0.391494, 0.384791, 0.378215, 0.372155, 0.363978, 0.357759, 0.38176, 0.408194, 0.437917, 0.475471, 0.517388, 0.558101, 0.597884, 0.636454, 0.673878, 0.709407, 0.743266, 0.774172, 0.80121, 0.890874, 0.986142, 1.08774, 1.19488, 1.30662, 1.42601, 1.55736, 1.70744, 1.87104, 2.05497, 2.25826, 2.48809, 2.75021, 3.04614, 3.38116, 3.75527, 4.17184, 4.65638, 5.26756, 5.956, 6.72844, 7.59894, 8.58315, 9.68276, 10.9053, 12.2573, 13.7476, 15.3612, 17.1048, 18.9722, 20.9549, 23.0851, 25.2901, 27.5418, 29.8629, 32.1659, 34.4012, 36.5791, 38.643, 40.7454, 42.7887, 44.8476, 46.8331, 48.8276, 50.7411, 52.6782, 54.5023, 56.4215, 58.2735, 60.2352, 62.174, 64.1697, 66.4231, 68.9222, 71.8215, 74.9472, 78.5419, 82.1048, 85.8136, 89.5455, 93.3745, 97.2476, 101.125, 105.042, 108.973, 112.937, 116.91, 120.859, 124.823, 128.774, 132.768, 136.743, 140.83, 144.903, 149.195, 153.503, 158.19, 163.063, 168.193, 173.66, 179.531, 185.874, 192.741, 200.185, 208.249, 216.985, 226.43, 236.573, 241.332, 246.048, 250.702, 255.287, 259.477, 263.223, 266.481, 269.204, 271.344, 273.313, 275.133, 276.815, 278.378, 279.844, 281.24, 282.596, 283.943, 285.309, 286.718, 288.194, 289.759, 291.426, 293.2, 295.074, 297.039, 299.078, 301.158, 303.239, 305.263, 307.162, 308.876, 310.356, 311.568, 312.491, 313.129, 313.499, 313.628, 313.545, 313.299, 312.961, 312.57, 312.151, 311.724, 311.306, 311.023, 310.884, 310.9, 311.079, 311.429, 311.833, 312.292, 312.801, 313.349, 313.915, 314.477, 315.011, 315.494, 315.906, 316.23, 316.455, 316.568, 316.567, 316.454, 316.24, 315.937, 315.566, 315.146, 314.702, 314.26, 313.846, 313.481, 313.181, 312.96, 312.828, 312.786, 312.832, 312.961, 313.166, 313.431, 313.741, 314.081, 314.436, 314.789, 315.126, 315.432, 315.696, 315.907, 316.057, 316.141, 316.159, 316.112, 316.003, 315.84, 315.634, 315.395, 315.136, 314.868, 314.603, 314.353, 314.127, 313.932, 313.776, 313.661, 313.59, 313.562, 313.574, 313.621, 313.697, 313.796, 313.91, 314.03, 314.149, 314.26, 314.354, 314.427, 314.474, 314.493, 314.481, 314.439, 314.369, 314.272, 314.154, 314.019, 313.871, 313.718, 313.564, 313.415, 313.276, 313.15, 313.042, 312.954, 312.886, 312.84, 312.813, 312.805, 312.813, 312.833, 312.862, 312.896, 312.931, 312.964, 312.989, 313.005, 313.009, 312.999, 312.973, 312.932, 312.876, 312.806, 312.722, 312.629, 312.527, 312.42, 312.311, 312.201, 312.095, 311.994, 311.9, 311.814, 311.739, 311.674, 311.618, 311.573, 311.537, 311.508, 311.484, 311.465, 311.447, 311.429, 311.409, 311.385, 311.356, 311.32, 311.276, 311.224, 311.164, 311.095, 311.018, 310.935, 310.845, 310.75, 310.651, 310.55, 310.448, 310.345, 310.244, 310.143, 310.045, 309.949, 309.855, 309.763, 309.673, 309.584, 309.496, 309.406, 309.314, 309.22, 309.121, 309.017, 308.907, 308.791, 308.667, 308.534, 308.394, 308.244, 308.086, 307.919, 307.743, 307.558, 307.365, 307.164, 306.955, 306.738, 306.513, 306.28, 306.039, 305.789, 305.53, 305.261, 304.981, 304.69, 304.386, 304.067, 303.734, 303.383, 303.014, 302.626, 302.216, 301.784, 301.327, 300.844, 300.335, 299.796, 299.228, 298.628, 297.995, 297.327, 296.623, 295.902, 295.143, 294.344, 293.504, 292.619, 291.688, 290.708, 289.675, 288.587, 287.439, 286.229, 284.951, 283.6, 282.172, 280.661, 279.06, 277.364, 275.564, 273.652, 271.62, 269.458, 267.156, 264.701, 262.082, 259.284, 256.291, 253.087, 249.652, 245.964, 242.0, 237.733, 233.132, 228.165, 222.794, 216.974, 210.66, 203.795, 196.319, 256.628]
Gov Outstanding Debt,[0.0, 0.0, 0.0, 0.0, 0.0, 0.0, 0.0, 0.0, 0.0, 0.0, 0.0, 0.0, 0.0, 0.0, 0.0, 0.0, 0.0, 0.0, 0.0, 0.0, 0.0, 0.0, 0.0, 0.0, 0.0, 0.0, 0.0, 0.0, 0.0, 0.0, 0.0, 0.0, 0.0, 0.0, 0.0, 0.0, 0.0, 0.0, 0.0, 0.0, 0.0, 0.0, 0.0, 0.0, 0.0, 0.0, 0.0, 0.0, 0.0, 0.0, 0.0, 0.0, 0.0, 0.0, 0.0, 0.0, 0.0, 0.0, 0.0, 0.0, 0.0, 0.0, 0.0, 0.0, 0.0, 0.0, 0.0, 0.0, 0.0, 0.0, 0.0, 0.0, 0.0, 0.0, 0.0, 0.0, 0.0, 0.0, 0.0, 0.0, 0.0, 0.0, 0.0, 0.0, 0.0, 0.0, 0.0, 0.0, 0.0, 0.0, 0.0, 0.0, 0.0, 0.0, 0.0, 0.0, 0.0, 0.0, 0.0, 0.0, 0.0, 0.0, 0.0, 0.0, 0.0, 0.0, 0.0, 0.0, 0.0, 0.0, 0.0, 0.0, 0.0, 0.0, 0.0, 0.0, 0.0, 0.0, 0.0, 0.0, 0.0, 0.0, 0.0, 0.0, 0.0, 0.0, 0.0, 0.0, 0.0, 0.0, 0.0, 0.0, 0.0, 0.0, 0.0, 0.0, 0.0, 0.0, 0.0, 0.0, 0.0, 0.0, 0.0, 0.0, 0.0, 0.0, 0.0, 0.0, 0.0, 0.0, 0.0, 0.0, 0.0, 0.0, 0.0, 0.0, 0.0, 0.0, 0.0, 0.0, 0.0, 0.0, 0.0, 0.0, 0.0, 0.0, 0.0, 0.0, 0.0, 0.0, 0.0, 0.0, 0.0, 0.0, 0.0, 0.0, 0.0, 0.0, 0.0, 0.0, 0.0, 0.0, 0.0, 0.0, 0.0, 0.0, 0.0, 0.0, 0.0, 0.0, 0.0, 0.0, 0.0, 0.0, 0.0, 0.0, 0.0, 0.0, 0.0, 0.0, 0.0, 0.0, 0.0, 0.0, 0.0, 0.0, 0.0, 0.0, 0.0, 0.0, 0.0, 0.0, 0.0, 0.0, 0.0, 0.0, 0.0, 0.0, 0.0, 0.0, 0.0, 0.0, 0.0, 0.0, 0.0, 0.0, 0.0, 0.0, 0.0, 0.0, 0.0, 0.0, 0.0, 0.0, 0.0, 0.0, 0.0, 0.0, 0.0, 0.0, 0.0, 0.0, 0.0, 0.0, 0.0, 0.0, 0.0, 0.0, 0.0, 0.0, 0.0, 0.0, 0.0, 0.0, 0.0, 0.0, 0.0, 0.0, 0.0, 0.0, 0.0, 0.0, 0.0, 0.0, 0.0, 0.0, 0.0, 0.0, 0.0, 0.0, 0.0, 0.0, 0.0, 0.0, 0.0, 0.0, 0.0, 0.0, 0.0, 0.0, 0.0, 0.0, 0.0, 0.0, 0.0, 0.0, 0.0, 0.0, 0.0, 0.0, 0.0, 0.0, 0.0, 0.0, 0.0, 0.0, 0.0, 0.0, 0.0, 0.0, 0.0, 0.0, 0.0, 0.0, 0.0, 0.0, 0.0, 0.0, 0.0, 0.0, 0.0, 0.0, 0.0, 0.0, 0.0, 0.0, 0.0, 0.0, 0.0, 0.0, 0.0, 0.0, 0.0, 0.0, 0.0, 0.0, 0.0, 0.0, 0.0, 0.0, 0.0, 0.0, 0.0, 0.0, 0.0, 0.0, 0.0, 0.0, 0.0, 0.0, 0.0, 0.0, 0.0, 0.0, 0.0, 0.0, 0.0, 0.0, 0.0, 0.0, 0.0, 0.0, 0.0, 0.0, 0.0, 0.0, 0.0, 0.0, 0.0, 0.0, 0.0, 0.0, 0.0, 0.0, 0.0, 0.0, 0.0, 0.0, 0.0, 0.0, 0.0, 0.0, 0.0, 0.0, 0.0, 0.0, 0.0, 0.0, 0.0, 0.0, 0.0, 0.0, 0.0, 0.0, 0.0, 0.0, 0.0, 0.0, 0.0, 0.0, 0.0, 0.0, 0.0, 0.0, 0.0, 0.0, 0.0, 0.0, 0.0, 0.0]
